crypto_currency,volumeUSD,percentage
BTC,7163971283.812429,13.594996883603425
OTHERS,2887765739.5246935,5.480084254123714
USDT,42643907890.364265,80.92491886227286
