crypto_currency,volumeUSD,percentage
BTC,5173054814.732764,32.830840308778704
OTHERS,2531753672.0641284,16.067798135828447
USDT,8051884811.575768,51.10136155539284
