crypto_currency,volumeUSD,percentage
BTC,7616953301.460194,13.499756692915598
OTHERS,3122125226.6560793,5.533436960495891
USDT,45683814674.52506,80.96680634658851
