crypto_currency,volumeUSD,percentage
BTC,6331302953.399729,34.6986688153211
OTHERS,2883567180.8196864,15.803373073509972
USDT,9031659688.285362,49.49795811116894
