crypto_currency,volumeUSD,percentage
BTC,8462244653.945717,36.21515040420281
OTHERS,3621024452.620397,15.496591097469473
USDT,11283317969.553452,48.28825849832771
