crypto_currency,volumeUSD,percentage
BTC,8496631066.569677,13.228208285850526
OTHERS,3417508000.715477,5.320639121297808
USDT,52317016679.31771,81.45115259285166
