crypto_currency,volumeUSD,percentage
BTC,7599848538.000614,36.44014807549382
OTHERS,3225600549.6096287,15.466276870182494
USDT,10030252492.56953,48.093575054323686
