crypto_currency,volumeUSD,percentage
BTC,5962455106.069846,12.311294466510217
OTHERS,2405838018.6128764,4.967581266266668
USDT,40062480116.012695,82.72112426722312
