crypto_currency,volumeUSD,percentage
BTC,6317130360.438203,37.33891767940811
OTHERS,2544185257.310335,15.03801860395432
USDT,8057038617.039607,47.62306371663755
