crypto_currency,volumeUSD,percentage
BTC,8022095023.756595,13.3196544912822
OTHERS,3280179647.42211,5.446315388138942
USDT,48925226192.35426,81.23403012057886
