crypto_currency,volumeUSD,percentage
BTC,5158222789.812457,12.566631912164361
OTHERS,2086369995.711397,5.082883162873684
USDT,33802386435.848537,82.35048492496195
