crypto_currency,volumeUSD,percentage
BTC,5832496907.215913,33.95557022177436
OTHERS,2736260993.833131,15.929935977549162
USDT,8608090754.77404,50.11449380067647
