crypto_currency,volumeUSD,percentage
BTC,5576172714.604011,12.368888316725586
OTHERS,2268219661.1202917,5.0312924477251215
USDT,37237854078.581055,82.59981923554929
