crypto_currency,volumeUSD,percentage
BTC,5470896058.682594,12.421298395086382
OTHERS,2224175034.5941286,5.0498385440442695
USDT,36349407065.67944,82.52886306086934
