crypto_currency,volumeUSD,percentage
BTC,6106879660.516906,37.41006343572215
OTHERS,2442047769.386692,14.95971216797928
USDT,7775235374.604141,47.630224396298566
