crypto_currency,volumeUSD,percentage
BTC,4794876959.903691,32.88073579180506
OTHERS,2418188010.061775,16.582657223252113
USDT,7369567822.26885,50.53660698494282
