crypto_currency,volumeUSD,percentage
BTC,5254370854.876414,12.535351412926321
OTHERS,2123402911.3225157,5.065801866641297
USDT,34538648692.114944,82.39884672043239
