crypto_currency,volumeUSD,percentage
BTC,4876104653.956321,32.74310976083885
OTHERS,2443894834.731891,16.41078740027597
USDT,7572002796.898605,50.84610283888519
