crypto_currency,volumeUSD,percentage
BTC,5693423182.913034,12.339724313673141
OTHERS,2312148602.4385214,5.0112692153225815
USDT,38133410238.779945,82.64900647100428
