crypto_currency,volumeUSD,percentage
BTC,7422285209.452658,13.516104245151492
OTHERS,3031554460.8850193,5.5205108618020295
USDT,44460543015.8952,80.96338489304648
