crypto_currency,volumeUSD,percentage
BTC,4676121481.148928,32.77707713446423
OTHERS,2387586289.7288394,16.735685824056766
USDT,7202730514.530268,50.487237041479005
