crypto_currency,volumeUSD,percentage
BTC,5360889635.622533,12.505063069973875
OTHERS,2165349235.4587255,5.050995375469367
USDT,35343514009.21135,82.44394155455676
