crypto_currency,volumeUSD,percentage
BTC,5055254669.564198,32.71138315256296
OTHERS,2500448013.1842847,16.17982047566896
USDT,7898412008.7243395,51.108796371768086
