crypto_currency,volumeUSD,percentage
BTC,6346230348.789952,13.63537426582363
OTHERS,2557415057.295997,5.494807081172634
USDT,37638753981.48682,80.86981865300373
