crypto_currency,volumeUSD,percentage
BTC,5126083358.22898,12.583566192640555
OTHERS,2071589507.9253192,5.085360864276738
USDT,33538659583.282394,82.3310729430827
