crypto_currency,volumeUSD,percentage
BTC,7386248838.417762,36.5110828719914
OTHERS,3118496324.9135714,15.415088260052496
USDT,9725410333.053427,48.07382886795612
