crypto_currency,volumeUSD,percentage
BTC,4555769019.054163,32.725907845012024
OTHERS,2349048742.659488,16.874155022827736
USDT,7016168145.323723,50.39993713216023
