crypto_currency,volumeUSD,percentage
BTC,6130957060.919,13.521900008711954
OTHERS,2483422897.2128925,5.477219259862981
USDT,36726563673.82011,81.00088073142507
