crypto_currency,volumeUSD,percentage
BTC,4969114324.539668,12.59529202040943
OTHERS,2002894383.9940217,5.076767811088701
USDT,32480147831.288555,82.32794016850188
