crypto_currency,volumeUSD,percentage
BTC,6578107676.029997,12.574276790536437
OTHERS,2606594439.79914,4.982594019575029
USDT,43129301986.424805,82.44312918988854
