crypto_currency,volumeUSD,percentage
BTC,6248290472.116669,12.459256920423861
OTHERS,2507762604.2020545,5.000545144406534
USDT,41393731232.84137,82.5401979351696
