crypto_currency,volumeUSD,percentage
BTC,4713620395.025779,32.82855720324099
OTHERS,2394918843.0984373,16.679690693961113
USDT,7249753652.555815,50.491752102797896
