crypto_currency,volumeUSD,percentage
BTC,4958945505.847141,32.69964606249019
OTHERS,2470835303.9758105,16.292867066889052
USDT,7735354300.111937,51.00748687062075
