crypto_currency,volumeUSD,percentage
BTC,5443155667.901657,33.261601934286425
OTHERS,2615516063.1421294,15.982687149291582
USDT,8306011120.538275,50.75571091642199
