crypto_currency,volumeUSD,percentage
BTC,7118040550.014101,36.80772225951549
OTHERS,2981619771.715826,15.4180959871855
USDT,9238783116.382992,47.77418175329901
