crypto_currency,volumeUSD,percentage
BTC,7984803146.355155,36.13584571862694
OTHERS,3443848263.6873302,15.585402326640077
USDT,10667975879.461435,48.27875195473298
